id,firstlast,toyear
76001,Alaa Abdelnaby,1990
51,Mahmoud Abdul-Rauf,1990
1505,Tariq Abdul-Wahad,1997
949,Shareef Abdur-Rahim,1996
203518,Alex Abrines,2016
101165,Alex Acker,2005
203112,Quincy Acy,2012
200801,Hassan Adams,2006
203919,Jordan Adams,2014
203500,Steven Adams,2013
202399,Jeff Adrien,2010
201167,Arron Afflalo,2007
200772,Maurice Ager,2006
201336,Blake Ahearn,2007
201582,Alexis Ajinca,2008
203006,Josh Akognon,2012
202374,Solomon Alabi,2010
203128,Furkan Aldemir,2014
202332,Cole Aldrich,2010
200746,LaMarcus Aldridge,2006
1626146,Cliff Alexander,2015
724,Cory Alexander,1995
2042,Courtney Alexander,2000
76022,Gary Alexander,1993
201570,Joe Alexander,2008
2349,Victor Alexander,1991
706,Jerome Allen,1995
202730,Lavoy Allen,2011
2124,Malik Allen,2001
951,Ray Allen,1996
2754,Tony Allen,2004
200984,Lance Allred,2007
201165,Morris Almond,2007
308,Derrick Alston,1994
1747,Rafer Alston,1999
1824,Peter Aluma,1998
680,John Amaechi,1995
732,Ashraf Amaya,1995
202329,Al-Farouq Aminu,2010
200811,Lou Amundson,2006
2365,Chris Andersen,2001
2431,David Andersen,2009
101187,Alan Anderson,2005
202079,Antonio Anderson,2009
1507,Derek Anderson,1997
944,Eric Anderson,1992
202341,James Anderson,2010
1626147,Justin Anderson,2015
72,Kenny Anderson,1991
203937,Kyle Anderson,2014
201583,Ryan Anderson,2008
1000,Shandon Anderson,1996
101149,Martynas Andriuskevicius,2005
1512,Chris Anstey,1997
203507,Giannis Antetokounmpo,2013
203648,Thanasis Antetokounmpo,2015
2546,Carmelo Anthony,2003
21,Greg Anthony,1991
201202,Joel Anthony,2007
203544,Pero Antic,2013
203951,Keith Appling,2015
2737,Rafael Araujo,2004
2425,Robert Archibald,2002
2240,Gilbert Arenas,2001
2772,Trevor Ariza,2004
2220,Brandon Armstrong,2001
353,Darrell Armstrong,1994
200756,Hilton Armstrong,2006
2306,Carlos Arroyo,2001
201589,Darrell Arthur,2008
201600,Omer Asik,2010
173,Keith Askins,1990
1088,Chucky Atkins,1999
278,Stacey Augmon,1991
201571,D.J. Augustin,2008
200788,James Augustine,2006
1134,Ike Austin,1991
138,Anthony Avent,1992
1895,William Avery,1999
202970,Gustavo Ayon,2011
201965,Jeff Ayres,2009
101235,Kelenna Azubuike,2006
203569,Chris Babb,2013
202337,Luke Babbitt,2010
76079,Milos Babic,1990
2053,Dalibor Bagaric,2000
1753,Toby Bailey,1998
203946,Cameron Bairstow,2014
1858,Mark Baker,1998
2486,Maurice Baker,2002
1627758,Ron Baker,2016
452,Vin Baker,1993
1627735,Wade Baldwin IV,2016
200764,Renaldo Balkman,2006
76090,Cedric Ball,1990
2556,Marcus Banks,2003
2571,Leandro Barbosa,2003
76097,Stephen Bardo,1991
200826,J.J. Barea,2006
200745,Andrea Bargnani,2006
2057,Erick Barkley,2000
203084,Harrison Barnes,2012
2440,Matt Barnes,2002
2857,Andre Barrett,2004
2853,Earl Barron,2005
699,Brent Barry,1995
1003,Drew Barry,1997
468,Jon Barry,1992
203115,Will Barton,2012
101188,Eddie Basden,2005
101138,Brandon Bass,2005
1766,Maceo Baston,2002
2370,Mengke Bateer,2001
101212,Esteban Batista,2005
2471,Mike Batiste,2002
1499,Tony Battie,1997
2203,Shane Battier,2001
201587,Nicolas Batum,2008
2437,Lonny Baxter,2002
201573,Jerryd Bayless,2008
203382,Aron Baynes,2012
76128,Sergei Bazarevich,1994
203145,Kent Bazemore,2012
203078,Bradley Beal,2012
2602,Jerome Beasley,2003
1627736,Malik Beasley,2016
201563,Michael Beasley,2008
201958,Rodrigue Beaubois,2009
1133,Corey Beck,1995
201158,Marco Belinelli,2007
2294,Charlie Bell,2001
1952,Raja Bell,2000
2559,Troy Bell,2003
1627761,DeAndre' Bembry,2016
1627733,Dragan Bender,2016
1886,Jonathan Bender,1999
203968,Jerrelle Benimon,2014
1736,Corey Benjamin,1998
203461,Anthony Bennett,2013
1120,Elmer Bennett,1994
712,Mario Bennett,1995
76148,Tony Bennett,1992
128,David Benoit,1991
202728,Keith Benson,2011
1627791,Ben Bentil,2016
202722,Davis Bertans,2016
696,Travis Best,1995
201976,Patrick Beverley,2012
204021,Sim Bhullar,2014
1710,Mike Bibby,1998
2740,Andris Biedrins,2004
1497,Chauncey Billups,1997
202687,Bismack Biyombo,2011
202357,Nemanja Bjelica,2015
204028,Tarik Black,2014
76180,Alex Blackwell,1992
1806,James Blackwell,1994
201971,DeJuan Blair,2009
2581,Steve Blake,2003
202392,Marqus Blakely,2010
200807,Will Blalock,2006
76183,Lance Blanks,1990
76184,Ricky Blanton,1992
101154,Andray Blatche,2005
202339,Eric Bledsoe,2010
916,Corie Blount,1993
1548,Mark Blount,2000
203505,Vander Blue,2013
2800,Tony Bobbitt,2004
2586,Keith Bogans,2003
202711,Bojan Bogdanovic,2014
101106,Andrew Bogut,2005
1564,Etdrick Bohannon,1997
1627762,Joel Bolomboy,2016
1603,Walter Bond,1992
1121,Dexter Boney,1996
41,Anthony Bonner,1990
2588,Matt Bonner,2004
1626164,Devin Booker,2015
511,Melvin Booker,1995
202344,Trevor Booker,2010
200767,Josh Boone,2006
1916,Calvin Booth,1999
1522,Keith Booth,1997
2430,Carlos Boozer,2002
2414,Curtis Borchardt,2002
1953,Lazaro Borrell,1999
2547,Chris Bosh,2003
2257,Ruben Boumtje-Boumtje,2001
1898,Cal Bowdler,1999
1477,Bruce Bowen,1996
1763,Ryan Bowen,1999
1085,Ira Bowman,1999
671,Donnie Boyce,1995
1863,Earl Boykins,1998
200841,Cedric Bozeman,2006
202342,Craig Brackins,2010
202340,Avery Bradley,2010
2214,Michael Bradley,2001
762,Shawn Bradley,1993
1361,Mark Bradtke,1996
66,Marques Bragg,1995
1765,Torraye Braggs,2003
1920,A.J. Bramlett,1999
1882,Elton Brand,1999
210,Terrell Brandon,1991
160,Tim Breaux,1994
2452,J.R. Bremer,2002
201147,Corey Brewer,2007
2249,Jamison Brewer,2001
200758,Ronnie Brewer,2006
2056,Primoz Brezec,2001
201972,Jon Brockman,2009
1627763,Malcolm Brogdon,2016
201166,Aaron Brooks,2007
76265,Kevin Brooks,1991
202705,MarShon Brooks,2011
2810,Andre Brown,2006
1626148,Anthony Brown,2015
201628,Bobby Brown,2008
2245,Damone Brown,2001
244,Dee Brown,1990
200793,Dee Brown,2006
201974,Derrick Brown,2009
2484,Devin Brown,2002
2081,Ernest Brown,2001
1871,Gerald Brown,1998
203913,Jabari Brown,2014
1627759,Jaylen Brown,2016
2208,Kedrick Brown,2001
2198,Kwame Brown,2001
203485,Lorenzo Brown,2013
992,Marcus Brown,1996
203900,Markel Brown,2014
76277,Myron Brown,1991
136,P.J. Brown,1993
753,Randy Brown,1991
200769,Shannon Brown,2006
2357,Tierre Brown,2001
1594,Rick Brunson,1997
1627852,Nicolas Brussino,2016
977,Kobe Bryant,1996
1761,Greg Buckner,1999
201978,Chase Budinger,2009
146,Jud Buechler,1990
1934,Rodney Buford,1999
672,Matt Bullard,1990
203493,Reggie Bullock,2013
2469,Pat Burke,2002
203504,Trey Burke,2013
202692,Alec Burks,2011
2766,Antonio Burks,2004
101207,Kevin Burleson,2005
76308,Evers Burns,1993
197,Scott Burrell,1993
675,Junior Burrough,1995
416,Willie Burton,1990
202221,Brian Butch,2009
2406,Caron Butler,2002
202364,Da'Sean Butler,2010
2866,Jackie Butler,2004
202710,Jimmy Butler,2011
348,Mitchell Butler,1993
2446,Rasual Butler,2002
202779,Dwight Buycks,2013
201182,Derrick Byars,2011
101115,Andrew Bynum,2005
101198,Will Bynum,2005
2560,Zarko Cabarkapa,2003
203998,Bruno Caboclo,2014
679,Jason Caffey,1995
201979,Nick Calathes,2013
101181,Jose Calderon,2005
203484,Kentavious Caldwell-Pope,2013
76332,Demetrius Calip,1991
76334,Rick Calloway,1990
76337,Dexter Cambridge,1992
948,Marcus Camby,1996
922,Elden Campbell,1990
203477,Isaiah Canaan,2013
203991,Clint Capela,2014
202382,Derrick Caracter,2010
2073,Brian Cardinal,2000
2367,Geno Carlisle,2004
200760,Rodney Carney,2006
713,Chris Carr,1995
1757,Cory Carr,1998
201960,DeMarre Carroll,2009
2679,Matt Carroll,2003
1131,Jimmy Carruth,1996
1853,Anthony Carter,1999
2466,Maurice Carter,2002
1713,Vince Carter,1998
203487,Michael Carter-Williams,2013
208,Sam Cassell,1993
201956,Omri Casspi,2009
1509,Kelvin Cato,1997
1626161,Willie Cauley-Stein,2015
190,Duane Causwell,1990
76,Cedric Ceballos,1990
1911,John Celestand,1999
2763,Lionel Chalmers,2004
201596,Mario Chalmers,2008
2199,Tyson Chandler,2001
201163,Wilson Chandler,2007
384,Calbert Cheaney,1993
203805,Will Cherry,2014
432,Pete Chilcutt,1991
2735,Josh Childress,2004
719,Randolph Childress,1995
164,Chris Childs,1994
1627737,Marquese Chriss,2016
57,Doug Christie,1992
202091,Dionte Christmas,2013
1626176,Rakeem Christmas,2015
203902,Semaj Christon,2016
203565,Patrick Christopher,2014
928,Robert Churchwell,1995
201947,Earl Clark,2009
203546,Ian Clark,2013
1721,Keon Clark,1998
1626262,Coty Clarke,2015
203903,Jordan Clarkson,2014
201964,Victor Claver,2012
1127,Charles Claxton,1995
2049,Speedy Claxton,2001
2043,Mateen Cleaves,2000
1569,Keith Closs,1997
76410,Richard Coffey,1990
715,John Coker,1995
202708,Norris Cole,2011
934,Derrick Coleman,1990
902,Bimbo Coles,1990
2044,Jason Collier,2000
1530,James Collins,1997
2260,Jarron Collins,2001
2215,Jason Collins,2001
200776,Mardy Collins,2006
202395,Sherron Collins,2010
201954,Darren Collison,2009
2555,Nick Collison,2003
2173,Sean Colson,2000
201144,Mike Conley,2007
55,Marty Conlon,1991
1626192,Pat Connaughton,2015
101215,Will Conroy,2006
76433,Anthony Cook,1990
2567,Brian Cook,2003
201161,Daequan Cook,2007
2241,Omar Cook,2001
1626188,Quinn Cook,2016
204022,Jack Cooley,2014
1030,Duane Cooper,1992
76446,Tom Copa,1991
203142,Chris Copeland,2012
76450,Chris Corchiani,1991
203955,Bryce Cotton,2014
1526,James Cotton,1997
1432,Joe Courtney,1992
202408,Marcus Cousin,2010
202326,DeMarcus Cousins,2010
203496,Robert Covington,2013
203459,Allen Crabbe,2013
1544,Chris Crawford,1997
2037,Jamal Crawford,2000
201621,Joe Crawford,2008
202348,Jordan Crawford,2010
2343,Joe Crispin,2001
201159,Javaris Crittenton,2007
1506,Austin Croshere,1997
180,John Crotty,1992
76482,Corey Crowder,1991
203109,Jae Crowder,2012
1907,Vonteego Cummings,1999
201967,Dante Cunningham,2009
203099,Jared Cunningham,2012
1061,William Cunningham,1997
76488,Radisav Curcic,1992
223,Bill Curley,1994
2201,Eddy Curry,2001
201191,JamesOn Curry,2007
688,Michael Curry,1993
203552,Seth Curry,2013
201939,Stephen Curry,2009
687,Rastko Cvetkovic,1995
2223,Samuel Dalembert,2001
956,Erick Dampier,1996
1498,Antonio Daniels,1997
2845,Erik Daniels,2004
1380,Lloyd Daniels,1992
2605,Marquis Daniels,2003
203584,Troy Daniels,2013
390,Sasha Danilovic,1995
212,Yinka Dare,1994
203540,Gigi Datome,2013
1600,Kornel David,1998
201176,Jermareo Davidson,2007
203561,Brandon Davies,2013
203076,Anthony Davis,2012
213,Antonio Davis,1993
1884,Baron Davis,1999
989,Ben Davis,1996
76517,Brian Davis,1993
905,Dale Davis,1991
1627738,Deyonta Davis,2016
202334,Ed Davis,2010
1023,Emanual Davis,1996
201175,Glen Davis,2007
93,Hubert Davis,1992
2668,Josh Davis,2003
707,Mark Davis,1995
200781,Paul Davis,2006
1729,Ricky Davis,1998
203958,Andre Dawkins,2014
1626183,Branden Dawson,2015
201286,Eric Dawson,2011
76542,Tony Dawson,1990
103,Todd Day,1992
201948,Austin Daye,2009
201986,Nando De Colo,2012
692,Andrew DeClercq,1995
201942,DeMar DeRozan,2009
203473,Dewayne Dedmon,2013
143,Terry Dehere,1993
1626214,Bryce Dejean-Jones,2015
1626155,Sam Dekker,2015
1627098,Malcolm Delaney,2016
183,Bison Dele,1991
2568,Carlos Delfino,2004
960,Tony Delk,1996
203521,Matthew Dellavedova,2013
725,Dell Demps,1993
2736,Luol Deng,2004
202458,Justin Dentmon,2011
1760,Derrick Dial,1999
1627767,Cheick Diallo,2016
2564,Boris Diaw,2003
200821,Yakhouba Diawara,2006
200799,Guillermo Diaz,2007
2424,Dan Dickau,2002
2079,Kaniel Dickens,2003
1722,Michael Dickerson,1998
101143,Travis Diener,2005
203476,Gorgui Dieng,2013
203915,Spencer Dinwiddie,2014
101113,Ike Diogu,2005
2205,DeSagana Diop,2001
2413,Juan Dixon,2002
1059,Aleksandar Djordjevic,1996
1720,Michael Doleac,1998
2039,Keyon Dooling,2000
201595,Joey Dorsey,2008
200763,Quincy Douby,2006
201962,Toney Douglas,2009
201604,Chris Douglas-Roberts,2008
202220,Zabian Dowdell,2010
201609,Goran Dragic,2008
204054,Zoran Dragic,2014
1724,Bryce Drew,1998
203580,Larry Drew II,2014
1041,Nate Driggers,1996
1542,Predrag Drobnjak,2001
203083,Andre Drummond,2012
201162,Jared Dudley,2007
2768,Chris Duhon,2004
1626251,Duje Dukan,2015
30,Richard Dumas,1992
434,Tony Dumas,1994
1495,Tim Duncan,1997
2399,Mike Dunleavy,2002
1627739,Kris Dunn,2016
2648,Ronald Dupree,2003
201142,Kevin Durant,2007
1090,Pat Durham,1992
202406,Jerome Dyson,2011
768,Acie Earl,1993
203921,Cleanthony Early,2014
202365,Devin Ebanks,2010
2569,Ndudi Ebi,2003
204067,Jarell Eddie,2015
76635,Patrick Eddie,1991
721,Tyus Edney,1995
76646,Bill Edwards,1993
2451,Corsley Edwards,2002
346,Doug Edwards,1993
2823,John Edwards,2004
202197,Shane Edwards,2013
458,Howard Eisley,1994
1918,Obinna Ekezie,1999
2064,Khalid El-Amin,2000
53,Mario Elie,1990
1627740,Henry Ellenson,2016
201961,Wayne Ellington,2009
1677,Harold Ellis,1993
111,LaPhonso Ellis,1992
1034,LeRon Ellis,1991
101145,Monta Ellis,2005
1922,Francisco Elson,2003
2408,Melvin Ely,2002
203954,Joel Embiid,2014
2765,Andre Emmett,2004
76672,A.J. English,1990
76676,Jojo English,1992
203119,Kim English,2012
203898,Tyler Ennis,2014
203516,James Ennis III,2014
201623,Semih Erden,2010
1915,Evan Eschmeyer,1999
76683,Vincenzo Esposito,1995
967,Brian Evans,1996
202379,Jeremy Evans,2010
2230,Maurice Evans,2001
2501,Reggie Evans,2002
201936,Tyreke Evans,2009
101137,Daniel Ewing,2005
201607,Patrick Ewing,2010
203957,Dante Exum,2014
201963,Christian Eyenga,2010
203105,Festus Ezeli,2012
202702,Kenneth Faried,2011
200770,Jordan Farmar,2006
2824,Desmon Farmer,2006
1108,Tony Farmer,1997
203543,Vitor Faverani,2013
202324,Derrick Favors,2010
201174,Nick Fazekas,2007
994,Jamie Feick,1996
1627770,Kay Felder,2016
1626245,Cristiano Felicio,2015
203467,Carrick Felix,2013
101230,Noel Felix,2005
101109,Raymond Felton,2005
2724,Desmond Ferguson,2003
201164,Rudy Fernandez,2008
1627812,Yogi Ferrell,2016
198,Danny Ferry,1990
201178,Kyrylo Fesenko,2007
202361,Landry Fields,2010
714,Michael Finley,1995
1627827,Dorian Finney-Smith,2016
900,Matt Fish,1994
965,Derek Fisher,1996
2809,Gerald Fitch,2005
2033,Marcus Fizer,2000
2784,Luis Flores,2004
201938,Jonny Flynn,2009
1829,Ike Fontaine,2001
202880,Jeff Foote,2011
1627854,Bryn Forbes,2016
201814,Gary Forbes,2010
76732,Alphonso Ford,1993
2228,Alton Ford,2001
101213,Sharrod Ford,2005
726,Sherell Ford,1995
2551,T.J. Ford,2003
2218,Joseph Forte,2001
202622,Courtney Fortson,2011
1504,Danny Fortson,1997
323,Greg Foster,1990
1902,Jeff Foster,1999
2238,Antonis Fotsis,2001
203095,Evan Fournier,2012
1762,Tremaine Fowlkes,2001
296,Rick Fox,1991
200751,Randy Foye,2006
1502,Adonal Foyle,1997
2499,Richie Frahm,2002
1883,Steve Francis,1999
203479,Jamaal Franklin,2013
204025,Tim Frazier,2014
202690,Jimmer Fredette,2011
200777,Joel Freeland,2012
2782,Matt Freije,2004
101112,Channing Frye,2005
2673,Hiram Fuller,2003
957,Todd Fuller,1996
1444,Lawrence Funderburke,1997
2429,Dan Gadzuric,2002
202070,Tony Gaffney,2009
101184,Deng Gai,2005
2558,Reece Gaines,2003
202178,Sundiata Gaines,2009
76772,Chad Gallagher,1993
201568,Danilo Gallinari,2008
204038,Langston Galloway,2014
200816,Jorge Garbajosa,2006
2092,Ruben Garces,2000
2682,Alex Garcia,2003
101128,Francisco Garcia,2005
201242,Thomas Gardner,2007
1612,Chris Garner,1997
708,Kevin Garnett,1995
1831,Marlon Garnett,1998
1051,Dean Garrett,1996
203197,Diante Garrett,2012
1619,Kiwane Garris,1997
1727,Pat Garrity,1998
201188,Marc Gasol,2008
2200,Pau Gasol,2001
423,Chris Gatling,1991
200752,Rudy Gay,2006
1845,Andrew Gaze,1993
1627771,Michael Gbinije,2016
1002,Reggie Geary,1996
202087,Alonzo Gee,2009
761,Matt Geiger,1992
101153,Mickael Gelabale,2006
1904,Devean George,1999
202331,Paul George,2010
76801,Tate George,1990
200789,Daniel Gibson,2006
1626780,Jonathan Gibson,2016
201959,Taj Gibson,2009
201592,J.R. Giddens,2008
201821,Trey Gilder,2009
2109,Eddie Gill,2000
383,Kendall Gill,1990
1938,Manu Ginobili,2002
1921,Gordan Giricek,2002
202148,Mickell Gladness,2011
76821,Gerald Glass,1990
1901,Dion Glover,1999
2601,Andreas Glyniadakis,2006
203497,Rudy Gobert,2013
76827,Dan Godfread,1990
924,Anthony Goldwire,1995
101155,Ryan Gomes,2005
2400,Drew Gooden,2002
1864,Steve Goodrich,2000
203462,Archie Goodwin,2013
203932,Aaron Gordon,2014
2732,Ben Gordon,2004
204079,Drew Gordon,2014
201569,Eric Gordon,2008
101162,Marcin Gortat,2007
202726,Andrew Goudelock,2011
76839,Ricky Grace,1993
37,Greg Graham,1993
101121,Joey Graham,2005
76842,Paul Graham,1991
101211,Stephen Graham,2005
1626203,Treveon Graham,2016
76844,Jim Grandholm,1990
101122,Danny Granger,2005
258,Brian Grant,1994
203924,Jerami Grant,2014
1626170,Jerian Grant,2015
76852,Josh Grant,1993
1514,Paul Grant,1998
201189,Aaron Gray,2007
1070,Devin Gray,1996
1516,Ed Gray,1997
1026,Evric Gray,1996
201980,Danny Green,2009
101209,Devin Green,2005
203110,Draymond Green,2012
203475,Erick Green,2014
101123,Gerald Green,2005
203210,JaMychal Green,2014
201145,Jeff Green,2007
1036,Litterial Green,1992
76875,Sean Green,1991
201192,Taurean Green,2007
2584,Willie Green,2003
201590,Donte Greene,2008
101158,Orien Greene,2005
2696,Lynn Greer,2006
1559,Adrian Griffin,1999
201933,Blake Griffin,2009
2204,Eddie Griffin,2001
201981,Taylor Griffin,2009
1575,Derek Grimm,1997
101219,Anthony Grundy,2005
339,Tom Gugliotta,1992
76903,Andres Guibert,1993
76904,Jay Guidinger,1992
203268,Jorge Gutierrez,2013
2062,A.J. Guyton,2000
2775,Ha Ha,2004
201632,Hamed Haddadi,2008
201612,Malik Hairston,2008
203798,PJ Hairston,2014
2409,Marcus Haislip,2002
200837,Mike Hall,2006
1032,Darvin Ham,1996
984,Steve Hamer,1996
202706,Jordan Hamilton,2011
203120,Justin Hamilton,2013
1888,Richard Hamilton,1999
2347,Tang Hamilton,2001
676,Thomas Hamilton,1995
1985,Zendon Hamilton,2000
903,Geert Hammink,1993
1627773,AJ Hammons,2016
241,Darrin Hancock,1994
1052,Ben Handlogten,2003
203162,Ben Hansbrough,2012
201946,Tyler Hansbrough,2009
2580,Travis Hansen,2003
1682,Reggie Hanson,1997
202376,Luke Harangody,2010
358,Anfernee Hardaway,1993
203501,Tim Hardaway Jr.,2013
201935,James Harden,2009
203090,Maurice Harkless,2012
76952,Jerome Harmon,1994
202712,Justin Harper,2011
1723,Matt Harpring,1998
1626149,Montrezl Harrell,2015
202725,Josh Harrellson,2011
2492,Adam Harrington,2002
1733,Al Harrington,1998
2454,Junior Harrington,2002
970,Othella Harrington,1996
2734,Devin Harris,2004
203548,Elias Harris,2013
203914,Gary Harris,2014
203925,Joe Harris,2014
446,Lucious Harris,1993
202412,Manny Harris,2010
200839,Mike Harris,2007
202227,Terrel Harris,2011
202699,Tobias Harris,2011
76961,Tony Harris,1990
1626151,Aaron Harrison,2015
1626150,Andrew Harrison,2016
2758,David Harrison,2004
2078,Jason Hart,2000
176,Antonio Harvey,1993
2051,Donnell Harvey,2000
202238,Kenny Hasbrouck,2009
321,Scott Haskin,1993
2617,Udonis Haslem,2003
2239,Trenton Hassell,2001
2213,Kirk Haston,2001
201150,Spencer Hawes,2007
1038,Juaquin Hawkins,2002
1138,Michael Hawkins,1996
101236,Chuck Hayes,2005
2553,Jarvis Hayes,2003
202330,Gordon Hayward,2010
202351,Lazar Hayward,2010
2217,Brendan Haywood,2001
101129,Luther Head,2005
1049,Shane Heal,1996
76987,Alvin Heggs,1995
673,Alan Henderson,1995
1538,Cedric Henderson,1997
201945,Gerald Henderson,2009
1764,J.R. Henderson,1998
971,Mark Hendrickson,1996
77003,Skeeter Henry,1993
202333,Xavier Henry,2010
203089,John Henson,2012
1667,Steve Henson,1990
1627823,Juan Hernangomez,2016
1626195,Willy Hernangomez,2016
1914,Chris Herren,1999
61,Carl Herrera,1991
200835,Walter Herrmann,2006
1626209,Mario Hezonja,2015
201579,Roy Hibbert,2008
201581,JJ Hickson,2008
1627741,Buddy Hield,2016
202809,Cory Higgins,2011
925,Sean Higgins,1990
2403,Nene,2002
201588,George Hill,2008
255,Grant Hill,1994
201195,Herbert Hill,2007
201941,Jordan Hill,2009
203524,Solomon Hill,2013
201631,Steven Hill,2008
238,Tyrone Hill,1990
1626199,Darrun Hilliard,2015
2550,Kirk Hinrich,2003
200823,Robert Hite,2006
202359,Darington Hobson,2011
1106,Donald Hodge,1991
101125,Julius Hodge,2005
697,Fred Hoiberg,1995
2450,Randy Holcomb,2002
201950,Jrue Holiday,2009
203200,Justin Holiday,2012
204066,John Holland,2015
200797,Ryan Hollins,2006
1626178,Rondae Hollis-Jefferson,2015
1626158,Richaun Holmes,2015
1532,Jerald Honeycutt,1997
202715,Tyler Honeycutt,2011
1967,Derek Hood,1999
203918,Rodney Hood,2014
203816,Scotty Hopson,2013
201143,Al Horford,2007
202862,Dennis Horner,2011
109,Robert Horry,1992
1627863,Danuel House,2016
2067,Eddie House,2000
275,Allan Houston,1993
780,Byron Houston,1992
77064,Tom Hovasse,1994
77065,Brian Howard,1991
2730,Dwight Howard,2004
2572,Josh Howard,2003
436,Juwan Howard,1994
1128,Stephen Howard,1992
201991,Lester Hudson,2009
1607,Troy Hudson,1997
1626273,Marcelo Huertas,2015
203962,Josh Huestis,2015
1572,Nate Huffman,2002
1716,Larry Hughes,1998
1965,Rick Hughes,1999
203133,Robbie Hummel,2013
2415,Ryan Humphrey,2002
2743,Kris Humphries,2004
2599,Brandon Hunter,2003
77083,Cedric Hunter,1991
201805,Chris Hunter,2008
283,Lindsey Hunter,1993
201629,Othello Hunter,2008
1626154,RJ Hunter,2015
2212,Steven Hunter,2001
310,Bobby Hurley,1993
201586,Serge Ibaka,2009
2738,Andre Iguodala,2004
980,Zydrunas Ilgauskas,1997
101148,Mile Ilic,2006
101141,Ersan Ilyasova,2006
204060,Joe Ingles,2014
203996,Damien Inglis,2014
1627742,Brandon Ingram,2016
202681,Kyrie Irving,2011
77098,Mike Iuzzolino,1991
947,Allen Iverson,1996
2767,Royal Ivey,2004
101127,Jarrett Jack,2005
1517,Bobby Jackson,1997
202132,Cedric Jackson,2009
201616,Darnell Jackson,2008
1627743,Demetrius Jackson,2016
1983,Jermaine Jackson,1999
754,Jim Jackson,1992
2739,Luke Jackson,2004
1531,Marc Jackson,2000
203510,Pierre Jackson,2016
1872,Randell Jackson,1998
202704,Reggie Jackson,2011
77109,Stanley Jackson,1993
1536,Stephen Jackson,2000
2418,Casey Jacobsen,2002
1734,Sam Jacobson,1998
77114,Dave Jamerson,1990
203108,Bernard James,2012
202345,Damion James,2010
1080,Henry James,1990
1744,Jerome James,1998
2544,LeBron James,2003
2229,Mike James,2001
1906,Tim James,1999
1712,Antawn Jamison,1998
1942,Harold Jamison,1999
2060,Marko Jaric,2002
101180,Sarunas Jasikevicius,2005
201605,Nathan Jawai,2008
2423,Chris Jefferies,2002
201785,Othyus Jeffers,2009
2744,Al Jefferson,2004
203928,Cory Jefferson,2014
200971,Dontell Jefferson,2008
2210,Richard Jefferson,2001
2407,Jared Jeffries,2002
202724,Charles Jenkins,2011
2798,Horace Jenkins,2004
203098,John Jenkins,2012
201943,Brandon Jennings,2009
24,Keith Jennings,1992
1137,Chris Jent,1993
77129,Les Jepsen,1990
201973,Jonas Jerebko,2009
201998,Curtis Jerrells,2009
203511,Grant Jerrett,2013
200817,Pooh Jeter,2010
2639,Britton Johnsen,2003
200792,Alexander Johnson,2006
101161,Amir Johnson,2005
1533,Anthony Johnson,1997
202356,Armon Johnson,2010
1627744,Brice Johnson,2016
201291,Carldell Johnson,2011
202419,Chris Johnson,2010
203187,Chris Johnson,2012
683,Darryl Johnson,1995
77138,Dave Johnson,1992
1746,DeMarco Johnson,1999
2035,DerMarr Johnson,2000
911,Ervin Johnson,1993
201274,Ivan Johnson,2011
202707,JaJuan Johnson,2011
201949,James Johnson,2009
2207,Joe Johnson,2001
2256,Ken Johnson,2002
913,Larry Johnson,1991
2669,Linton Johnson,2003
203910,Nick Johnson,2014
203111,Orlando Johnson,2012
1626169,Stanley Johnson,2015
201234,Trey Johnson,2008
204020,Tyler Johnson,2014
202325,Wesley Johnson,2010
203130,Darius Johnson-Odom,2012
203999,Nikola Jokic,2015
2264,Alvin Jones,2001
77174,Askia Jones,1994
200784,Bobby Jones,2006
1869,Charles R. Jones,1998
2563,Dahntay Jones,2003
1627745,Damian Jones,2016
1800,Damon Jones,1998
203199,DeQuan Jones,2012
202346,Dominique Jones,2010
963,Dontae' Jones,1997
101204,Dwayne Jones,2005
224,Eddie Jones,1994
2410,Fred Jones,2002
2592,James Jones,2003
1908,Jumaine Jones,1999
203158,Kevin Jones,2012
461,Popeye Jones,1993
200780,Solomon Jones,2006
203093,Terrence Jones,2012
1626145,Tyus Jones,2015
203103,Perry Jones III,2012
1627884,"Derrick Jones, Jr.",2016
1817,Adonis Jordan,1993
201599,DeAndre Jordan,2008
202366,Jerome Jordan,2011
674,Reggie Jordan,1993
77208,Thomas Jordan,1992
202709,Cory Joseph,2011
2123,Garth Joseph,2000
203126,Kris Joseph,2012
2549,Chris Kaman,2003
1626163,Frank Kaminsky,2015
202683,Enes Kanter,2011
2574,Jason Kapono,2003
203508,Sergey Karasev,2013
201207,Coby Karl,2007
2435,Mario Kasun,2004
201619,Sasha Kaun,2015
228,Adam Keefe,1992
203527,Ryan Kelly,2013
202810,D.J. Kennedy,2011
1801,Jonathan Kerner,1998
77251,Alec Kessler,1990
1930,Lari Ketner,1999
2751,Viktor Khryapa,2004
467,Jason Kidd,1994
77254,Warren Kidd,1993
203077,Michael Kidd-Gilchrist,2012
203930,Sean Kilpatrick,2014
77260,Bo Kimble,1990
12,Chris King,1993
701,Frankie King,1995
1562,Gerard King,1998
728,Jimmy King,1995
1101,Rich King,1991
200814,Tarence Kinsey,2006
1905,Andrei Kirilenko,2001
203945,Alex Kirk,2014
954,Kerry Kittles,1996
101132,Linas Kleiza,2005
2688,Brandin Knight,2004
202688,Brandon Knight,2011
1510,Brevin Knight,1997
1861,Negele Knight,1990
969,Travis Knight,1996
101117,Yaroslav Korolev,2005
2594,Kyle Korver,2003
201585,Kosta Koufos,2008
203139,Viacheslav Kravtsov,2012
2420,Nenad Krstic,2004
389,Toni Kukoc,1993
201633,Rob Kurz,2008
2825,Ibrahim Kutluay,2004
203136,Ognjen Kuzmic,2013
1627851,Mindaugas Kuzminskas,2016
1711,Raef LaFrentz,1998
1601,Rusty LaRue,1997
203897,Zach LaVine,2014
1627746,Skal Labissiere,2016
363,Christian Laettner,1992
201802,Oliver Lafayette,2009
203117,Doron Lamb,2012
203087,Jeremy Lamb,2012
2573,Maciej Lampe,2003
2253,Sean Lampley,2002
201171,Carl Landry,2007
202068,Marcus Landry,2009
226,Antonio Lang,1994
2591,James Lang,2006
1892,Trajan Langdon,1999
101247,Keith Langford,2007
2061,Dan Langhi,2000
1627879,Nicolas Laprovittola,2016
203499,Shane Larkin,2013
201186,Stephane Lasme,2007
968,Priest Lauderdale,1996
203530,Joffrey Lauvergne,2014
201151,Acie Law,2007
202371,Gani Lawal,2010
1535,Jason Lawson,1997
201951,Ty Lawson,2009
1627774,Jake Layman,2016
1627747,Caris LeVert,2016
203495,Ricky Ledo,2013
201584,Courtney Lee,2008
101135,David Lee,2005
77358,Doug Lee,1991
77362,Kurk Lee,1990
202723,Malcolm Lee,2011
203458,Alex Len,2013
702,Voshon Lenard,1995
202695,Kawhi Leonard,2011
203086,Meyers Leonard,2012
202727,Travis Leslie,2011
202720,Jon Leuer,2011
736,Cedric Lewis,1995
729,Martin Lewis,1995
1900,Quincy Lewis,1999
1740,Rashard Lewis,1998
77386,Marcus Liberty,1990
202732,DeAndre Liggins,2011
203081,Damian Lillard,2012
202391,Jeremy Lin,2010
988,Randy Livingston,1996
2733,Shaun Livingston,2004
1024,Horacio Llamas,1996
1100,Ian Lockhart,1990
1609,Art Long,2000
1627848,Shawn Long,2016
26,Luc Longley,1991
1626172,Kevon Looney,2015
201572,Brook Lopez,2008
1732,Felipe Lopez,1998
2221,Raul Lopez,2002
201577,Robin Lopez,2008
943,Ryan Lorthridge,1994
201567,Kevin Love,2008
200768,Kyle Lowry,2006
203564,Kalin Lucas,2014
101249,John Lucas III,2005
1731,Tyronn Lue,1998
1627789,Timothe Luwawu-Cabarrot,2016
1626168,Trey Lyles,2015
248,George Lynch,1993
77426,Kevin Lynch,1991
1928,Todd MacCulloch,1999
931,Don MacLean,1992
203159,Scott Machado,2012
101178,Arvydas Macijauskas,2005
694,Sam Mack,1992
202714,Shelvin Mack,2011
1635,Malcolm Mackey,1993
202731,Vernon Macklin,2011
1855,Mark Macon,1991
2432,Tito Maddox,2002
1666,Gerald Madkins,1993
2058,Mark Madsen,2000
1894,Corey Maggette,1999
2048,Jamaal Magloire,2000
101133,Ian Mahinmi,2007
200970,Renaldo Major,2006
1627748,Thon Maker,2016
1074,Matt Maloney,1996
986,Marcus Mann,1996
316,Richard Manning,1995
203906,Devyn Marble,2014
950,Stephon Marbury,1996
1890,Shawn Marion,1999
1626246,Boban Marjanovic,2015
200806,Damir Markota,2006
1752,Sean Marks,1998
681,Donny Marshall,1995
923,Donyell Marshall,1994
203088,Kendall Marshall,2012
101185,Rawle Marshall,2005
77478,Bob Martin,1993
201858,Cartier Martin,2008
733,Cuonzo Martin,1995
239,Darrick Martin,1994
1626185,Jarell Martin,2015
2030,Kenyon Martin,2000
2755,Kevin Martin,2004
469,Jamal Mashburn,1993
2046,Desmond Mason,2000
2427,Roger Mason Jr.,2002
763,Tony Massenburg,1990
202083,Wesley Matthews,2009
77486,Marlon Maxey,1992
101131,Jason Maxiell,2005
101118,Sean May,2005
195,Lee Mayberry,1992
77493,Tharon Mayes,1991
201953,Eric Maynor,2009
201564,O.J. Mayo,2008
77496,Travis Mays,1990
201601,Luc Mbah a Moute,2008
2788,DJ Mbenga,2004
203949,James Michael McAdoo,2014
203492,Ray McCallum,2013
101119,Rashad McCants,2005
1820,Kelly McCarty,1998
962,Walter McCarty,1996
1043,Amal McCaskill,1996
1627775,Patrick McCaw,2016
1627815,Sheldon McClellan,2016
2082,Dan McClintock,2000
203468,CJ McCollum,2013
204456,T.J. McConnell,2015
1741,Jelani McCoy,1998
200840,Chris McCray,2006
1626191,Chris McCullough,2015
723,Clint McDaniel,1995
203909,KJ McDaniels,2014
203926,Doug McDermott,2014
1075,Michael McDonald,1997
686,Antonio McDyess,1995
200829,Ivan McFarlin,2006
203956,Mitch McGary,2014
201580,JaVale McGee,2008
1503,Tracy McGrady,1997
203585,Rodney McGruder,2016
201187,Dominic McGuire,2007
29,Jim McIlvaine,1994
976,Jeff McInnis,1996
243,Aaron McKie,1994
203463,Ben McLemore,2013
2693,Keith McLeod,2003
1728,Roshown McLeod,1998
202077,Jerel McNeal,2012
2101,Paul McPherson,2000
203895,Jordan McRae,2015
201177,Josh McRoberts,2007
2098,Slava Medvedenko,2000
1577,Darnell Mee,1993
201975,Jodie Meeks,2009
1626257,Salah Mejri,2015
203539,Gal Mekel,2013
203097,Fab Melo,2012
200822,Pops Mensah-Bonsu,2006
1500,Ron Mercer,1997
684,Loren Meyer,1995
1626175,Jordan Mickey,2015
203114,Khris Middleton,2012
2036,Chris Mihm,2000
101223,Aaron Miles,2005
101139,CJ Miles,2005
2032,Darius Miles,2000
1527,Marko Milic,1997
2545,Darko Milicic,2003
1889,Andre Miller,1999
292,Anthony Miller,1994
1802,Brad Miller,1998
203121,Darius Miller,2012
2034,Mike Miller,2000
932,Oliver Miller,1992
203113,Quincy Miller,2012
168,Chris Mills,1993
201988,Patty Mills,2009
371,Terry Mills,1990
202407,Elijah Millsap,2014
200794,Paul Millsap,2006
114,Harold Miner,1992
65,Greg Minor,1994
202703,Nikola Mirotic,2014
1954,Jason Miskiri,1999
203183,Tony Mitchell,2013
203502,Tony Mitchell,2013
1749,Cuttino Mobley,1998
211,Eric Mobley,1994
1737,Nazr Mohammed,1998
2040,Jerome Moiso,2000
2752,Sergei Monia,2005
202328,Greg Monroe,2010
77628,Rodney Monroe,1991
1626242,Luis Montero,2015
376,Eric Montross,1994
200081,Jamario Moon,2007
202734,E'Twaun Moore,2011
1630,Mikki Moore,1998
929,Tracy Moore,1991
203961,Eric Moreland,2014
77644,Darren Morningstar,1993
202721,Darius Morris,2011
77647,Isaiah Morris,1992
202694,Marcus Morris,2011
202693,Markieff Morris,2011
201043,Randolph Morris,2006
2242,Terence Morris,2001
200747,Adam Morrison,2006
201627,Anthony Morrow,2008
132,Dwayne Morton,1994
734,Lawrence Moten,1995
202700,Donatas Motiejunas,2012
2069,Hanno Mottola,2000
203102,Arnett Moultrie,2012
297,Alonzo Mourning,1992
202389,Timofey Mozgov,2010
1626144,Emmanuel Mudiay,2015
203498,Shabazz Muhammad,2013
201957,Byron Mullens,2009
942,Todd Mundt,1995
204098,Xavier Munford,2015
77664,Chris Munk,1990
785,Eric Murdock,1991
49,Gheorghe Muresan,1993
203513,Erik Murphy,2013
203122,Kevin Murphy,2012
2211,Troy Murphy,2001
1627749,Dejounte Murray,2016
2436,Flip Murray,2002
1627750,Jamal Murray,2016
441,Lamond Murray,1994
145,Tracy Murray,1992
203315,Toure' Murry,2013
203488,Mike Muscala,2013
1054,Jerrod Mustaf,1990
87,Dikembe Mutombo,1991
982,Martin Muursepp,1996
1823,Makhtar N'diaye,1998
2055,Mamadou N'diaye,2000
2411,Bostjan Nachbar,2002
1924,Lee Nailon,2000
2059,Eduardo Najera,2000
1626204,Larry Nance Jr.,2015
203894,Shabazz Napier,2014
959,Steve Nash,1996
77690,Howard Nathan,1995
2434,Juan Carlos Navarro,2007
202380,Hamady Ndiaye,2010
101238,Boniface Ndong,2005
1626254,Maurice Ndour,2016
202390,Gary Neal,2010
203517,Nemanja Nedovic,2013
201634,DeMarcus Nelson,2008
2749,Jameer Nelson,2004
1129,Ruben Nembhard,1996
1838,Tyrone Nesby,1998
1725,Rasho Nesterovic,1998
203526,Raul Neto,2015
1116,Melvin Newbern,1992
1096,Ivano Newbill,1994
1956,Ira Newble,2000
1627777,Georges Niang,2016
201193,Demetris Nichols,2007
203094,Andrew Nicholson,2012
1093,Gaylon Nickerson,1996
201149,Joakim Noah,2007
2804,Andres Nocioni,2004
200786,David Noel,2006
203457,Nerlens Noel,2013
203512,Lucas Nogueira,2014
999,Jeff Nordgaard,1997
983,Moochie Norris,1996
200779,Steve Novak,2006
1717,Dirk Nowitzki,1998
203263,James Nunnally,2013
203994,Jusuf Nurkic,2014
1628021,David Nwaba,2016
1022,Julius Nwosu,1994
1525,Charles O'Bannon,1997
709,Ed O'Bannon,1995
1626266,JJ O'Brien,2015
200753,Patrick O'Bryant,2006
203948,Johnny O'Bryant III,2014
979,Jermaine O'Neal,1996
406,Shaquille O'Neal,1992
203124,Kyle O'Quinn,2012
77776,Dan O'Sullivan,1990
101177,Fabricio Oberto,2005
1627849,Daniel Ochefu,2016
201141,Greg Oden,2007
1885,Lamar Odom,1999
1628,Alan Ogg,1990
203317,Tim Ohlbrecht,2012
2731,Emeka Okafor,2004
1626143,Jahlil Okafor,2015
2246,Mehmet Okur,2002
203506,Victor Oladipo,2013
1680,Brian Oliver,1990
2352,Dean Oliver,2001
1429,Jimmy Oliver,1991
1563,Kevin Ollie,1997
1709,Michael Olowokandi,1998
203482,Kelly Olynyk,2013
202620,Arinze Onuaku,2013
1627778,Chinanu Onuaku,2016
202350,Daniel Orton,2010
731,Greg Ostertag,1995
77777,Matt Othick,1992
1626162,Kelly Oubre Jr.,2015
448,Bo Outlaw,1993
2566,Travis Outlaw,2003
77,Doug Overton,1992
101261,Andre Owens,2005
182,Billy Owens,1991
2442,Chris Owens,2002
77785,Keith Owens,1991
202082,Larry Owens,2010
1077,Ray Owes,1996
2071,Olumide Oyedeji,2000
2585,Zaza Pachulia,2003
123,Robert Pack,1991
77789,Gerald Paddio,1990
1909,Scott Padgett,1999
1960,Milt Palacio,1999
77794,Walter Palmer,1990
1950,Andy Panko,2000
1627834,Georgios Papagiannis,2016
203123,Kostas Papanikolaou,2014
2457,Jannero Pargo,2002
202951,Jeremy Pargo,2011
1515,Anthony Parker,1997
203953,Jabari Parker,2014
2470,Smush Parker,2002
2225,Tony Parker,2001
685,Cherokee Parks,1995
202718,Chandler Parsons,2011
1754,Andrae Patterson,1998
203934,Lamar Patterson,2015
202335,Patrick Patterson,2010
1739,Ruben Patterson,1998
101108,Chris Paul,2005
2562,Sasha Pavlovic,2003
203940,Adreian Payne,2014
1626166,Cameron Payne,2015
203901,Elfrid Payton,2014
56,Gary Payton,1990
200762,Oleksiy Pecherov,2007
324,Anthony Peeler,1992
201593,Nikola Pekovic,2010
2130,Mike Penberthy,2000
2667,Desmond Penigar,2003
2632,Kirk Penney,2003
46,Mike Peplowski,1993
2570,Kendrick Perkins,2003
200785,Kosta Perovic,2007
386,Elliot Perry,1991
445,Wesley Person,1994
2050,Morris Peterson,2000
101130,Johan Petro,2005
77846,Richard Petruska,1993
74,Derrick Phelps,1994
184,Bobby Phills,1991
15,Eric Piatkowski,1994
1718,Paul Pierce,1998
2554,Mickael Pietrus,2003
200838,Kevinn Pinkney,2006
202354,Dexter Pittman,2010
2565,Zoran Planinic,2003
202353,Tibor Pleiss,2015
1627850,Marshall Plumlee,2016
203486,Mason Plumlee,2013
203101,Miles Plumlee,2012
2750,Pavel Podkolzin,2004
1627751,Jakob Poeltl,2016
1513,Scot Pollard,1997
202347,Quincy Pondexter,2010
998,Mark Pope,1997
2084,Chris Porter,2000
203490,Otto Porter Jr.,2013
1626171,Bobby Portis,2015
204001,Kristaps Porzingis,2015
1899,James Posey,1999
2068,Lavor Postell,2000
958,Vitaly Potapenko,1996
200796,Leon Powe,2006
203939,Dwight Powell,2014
2694,Josh Powell,2005
2867,Kasib Powell,2007
1626181,Norman Powell,2015
101232,Roger Powell,2006
203515,Phil Pressey,2013
201985,AJ Price,2009
85,Brent Price,1992
101179,Ronnie Price,2005
203143,Pablo Prigioni,2012
1627752,Taurean Prince,2016
2419,Tayshaun Prince,2002
340,Kevin Pritchard,1990
1919,Laron Profit,1999
201172,Gabe Pruitt,2007
2038,Joel Przybilla,2000
77890,Anthony Pullard,1992
1627817,Tim Quarterman,2016
200809,Chris Quinn,2006
129,Dino Radja,1993
2209,Vladimir Radmanovic,2001
1893,Aleksandar Radojevic,1999
203545,Miroslav Raduljica,2013
2080,Igor Rakocevic,2002
2762,Peter John Ramos,2004
1821,Mark Randall,1991
1626184,Chasson Randle,2016
203944,Julius Randle,2014
201576,Anthony Randolph,2008
101183,Shavlik Randolph,2005
2216,Zach Randolph,2001
689,Theo Ratliff,1995
202360,Andy Rautins,2010
200810,Allan Ray,2006
1442,Zeljko Rebraca,2001
695,Eldridge Recasner,1994
2072,Michael Redd,2000
200755,JJ Redick,2006
2770,Justin Reed,2004
203186,Willie Reed,2012
735,Bryant Reeves,1995
234,Khalid Reeves,1994
690,Don Reid,1995
202385,Ryan Reid,2011
2876,Jared Reiner,2004
720,Terrence Rencher,1995
981,Efthimios Rentzias,2002
704,Shawn Respert,1995
1518,Rodrick Rhodes,1997
203318,Glen Rice,2013
201181,Chris Richard,2007
2202,Jason Richardson,2001
200978,Jeremy Richardson,2006
1626196,Josh Richardson,2015
1627781,Malachi Richardson,2016
2369,Norman Richardson,2001
2047,Quentin Richardson,2000
375,Isaiah Rider,1993
2557,Luke Ridnour,2003
2541,Antoine Rigaudeau,2002
35,Eric Riley,1993
203085,Austin Rivers,2012
203460,Andre Roberson,2013
101194,Anthony Roberson,2005
2121,Terrance Roberson,2000
203148,Brian Roberts,2012
101160,Lawrence Roberts,2005
914,Stanley Roberts,1991
1926,Ryan Robertson,1999
2774,Bernard Robinson,2004
997,Chris Robinson,1996
1944,Eddie Robinson,1999
299,Glenn Robinson,1994
1554,Jamal Robinson,2000
381,James Robinson,1993
1683,Larry Robinson,1990
101126,Nate Robinson,2005
716,Rumeal Robinson,1990
203080,Thomas Robinson,2012
203922,Glenn Robinson III,2014
200771,Sergio Rodriguez,2006
691,Lou Roe,1995
435,Carlos Rogers,1994
915,Rodney Rogers,1993
964,Roy Rogers,1996
78012,Magnum Rolle,2010
399,Rajon Rondo,2006
201565,Sean Rooks,1992
147,Derrick Rose,2008
990,Jalen Rose,1994
78016,Malik Rose,1996
203082,Quinton Ross,2004
78021,Terrence Ross,2012
140,Brandon Roy,2006
1626179,Clifford Rozier,1994
201937,Terry Rozier,2015
2462,Ricky Rubio,2011
78035,Guy Rucker,2002
78037,Damjan Rudez,2014
460,Michael Ruffin,1999
78039,Trevor Ruffin,1994
201575,Stefano Rusconi,1995
2416,Brandon Rush,2008
78049,Kareem Rush,2002
78047,Bryon Russell,1993
78046,D'Angelo Russell,2015
717,Walker Russell,2011
1627734,Arvydas Sabonis,1995
203135,Domantas Sabonis,2016
78050,Robert Sacre,2012
1089,John Salmons,2002
2066,Kevin Salvadori,1996
200798,Soumaila Samake,2000
203960,Cheikh Samb,2007
2441,JaKarr Sampson,2014
78055,Jamal Sampson,2002
2143,Samardo Samuels,2010
78057,Pepe Sanchez,2000
2684,Larry Sanders,2010
78059,Melvin Sanders,2005
78061,Daniel Santiago,2000
987,Dario Saric,2016
2219,Jason Sasser,1996
203107,Jeryl Sasser,2001
2261,Tomas Satoransky,2016
78063,Kenny Satterfield,2001
78067,Predrag Savovic,2002
2637,Brian Scalabrine,2001
78068,Alex Scales,2005
78080,Steve Scheffler,1990
78082,Luke Schenscher,2005
78084,Dwayne Schintzius,1990
78091,Dennis Schroder,2013
78094,Luis Scola,2007
2,Brent Scott,1996
1109,Dennis Scott,1990
203118,James Scott,1996
78100,Mike Scott,2012
78102,Shawnelle Scott,1996
907,Shea Seals,1997
78105,Malik Sealy,1992
938,Thabo Sefolosha,2006
1627782,Josh Selby,2011
78110,Wayne Selden,2016
78115,Mouhamed Sene,2006
1738,Kevin Seraphin,2010
201196,Ansu Sesay,2001
78116,Ramon Sessions,2007
1539,Mustafa Shakur,2009
78123,God Shammgod,1997
1117,Walter Sharpe,2008
78130,Casey Shaw,1998
1852,Tornike Shengelia,2012
78135,Jeff Sheppard,1998
78138,Paul Shirley,2002
203144,Iman Shumpert,2011
1627783,Alexey Shved,2012
78144,Pascal Siakam,2016
202081,Xavier Silas,2011
78152,Garret Siler,2010
1627732,Wayne Simien,2005
2250,Ben Simmons,2016
200759,Bobby Simmons,2001
78153,Cedric Simmons,2006
1489,Jonathon Simmons,2015
1750,Lionel Simmons,1990
54,Miles Simon,1998
202067,Dickey Simpkins,1994
78157,Diamon Simpson,2011
78160,Alvin Sims,1998
78159,Courtney Sims,2007
78161,Henry Sims,2012
201606,Kyle Singler,2012
202698,Sean Singletary,2008
101189,Chris Singleton,2011
78162,James Singleton,2005
101,Peyton Siva,2013
78168,Brian Skinner,1998
78171,Reggie Slater,1994
202388,Tamar Slay,2002
78173,Donald Sloan,2011
78174,Uros Slokar,2006
78176,Marcus Smart,2014
78179,Charles Smith,1997
203147,Chris Smith,1992
78181,Chris Smith,2013
78182,Craig Smith,2006
475,Donta Smith,2004
78187,Doug Smith,1991
202397,Greg Smith,2011
2747,Ish Smith,2010
2074,JR Smith,2004
201160,Jabari Smith,2000
202536,Jason Smith,2007
78191,Jerry Smith,2011
2746,Joe Smith,1995
78192,Josh Smith,2004
78195,Labradford Smith,1991
63,Leon Smith,2001
78197,Michael Smith,1994
202701,Mike Smith,2000
78198,Nolan Smith,2011
78204,Reggie Smith,1992
78205,Russ Smith,2014
200848,Steven Smith,1991
1478,Steven Smith,2006
2604,Stevin Smith,1996
380,Theron Smith,2003
78208,Tony Smith,1990
727,Tony Snell,2013
78213,Eric Snow,1995
78214,Kirk Snyder,2004
78219,Will Solomon,2001
78220,Darius Songaila,2003
78221,James Southerland,2013
78222,Pape Sow,2004
78223,Vassilis Spanoulis,2006
78227,Marreese Speights,2008
771,Andre Spencer,1992
280,Elmore Spencer,1992
78230,Felton Spencer,1990
78232,Tiago Splitter,2010
78233,Latrell Sprewell,1992
711,Ryan Stack,1998
78237,Jerry Stackhouse,1995
78244,Nik Stauskas,2014
1735,Matt Steigenga,1996
203474,Vladimir Stepania,1998
78247,DJ Stephens,2013
202362,Joe Stephens,1996
1627293,Lance Stephenson,2010
78250,Alex Stepheson,2015
78252,Barry Stevens,1992
78253,DeShawn Stevenson,2000
1125,Kebu Stewart,1997
1565,Larry Stewart,1991
78256,Michael Stewart,1997
78257,Greg Stiemsma,2009
78259,Bryant Stith,1992
304,David Stockton,2014
1055,Peja Stojakovic,1998
78264,Ed Stokes,1997
600016,Jarnell Stokes,2014
202933,Diamond Stone,2016
2852,Julyan Stone,2011
757,Awvee Storey,2004
101136,Damon Stoudamire,1995
2405,Salim Stoudamire,2005
78267,Amar'e Stoudemire,2002
78268,DJ Strawberry,2007
1110,Erick Strickland,1996
393,Mark Strickland,1994
78273,Derek Strong,1991
78274,Lamont Strothers,1991
78275,Rodney Stuckey,2007
201969,Jared Sullinger,2012
78654,DaJuan Summers,2009
78278,Sun Sun,2008
78279,Bruno Sundov,1998
78280,Bob Sura,1995
78283,Greg Sutton,1991
2741,Michael Sweetney,2003
2031,Robert Swift,2004
78286,Stromile Swift,2000
202377,Aaron Swinson,1994
78287,Pape Sy,2010
1136,Larry Sykes,1995
1887,Brett Szabo,1996
440,Wally Szczerbiak,1999
2657,Zan Tabak,1994
101147,Yuta Tabuse,2004
78291,Chris Taft,2005
78293,Dragan Tarlac,2000
78295,Edy Tavares,2015
78298,Donell Taylor,2005
78297,Isaiah Taylor,2016
201966,Jeffery Taylor,2012
1511,Jermaine Taylor,2009
78301,Johnny Taylor,1997
201446,Maurice Taylor,1997
78302,Mike Taylor,2008
78303,Tyshawn Taylor,2012
203104,Jeff Teague,2009
203141,Marquis Teague,2012
2742,Mirza Teletovic,2012
202066,Sebastian Telfair,2004
78305,Garrett Temple,2009
201934,Jason Terry,1999
78309,Hasheem Thabeet,2009
2873,Adonis Thomas,2013
1063,Billy Thomas,2004
78316,Carl Thomas,1991
2041,Charles Thomas,1991
78317,Etan Thomas,2001
202738,Irving Thomas,1990
78318,Isaiah Thomas,2011
2839,Jamel Thomas,1999
78320,James Thomas,2004
1903,John Thomas,1997
703,Kenny Thomas,1999
202498,Kurt Thomas,1995
202952,Lance Thomas,2011
78322,Malcolm Thomas,2011
200748,Tim Thomas,1997
202717,Tyrus Thomas,2006
78323,Trey Thompkins,2011
78325,Brooks Thompson,1994
78327,Dijon Thompson,2005
201574,Hollis Thompson,2013
78328,Jason Thompson,2008
202691,Kevin Thompson,1993
78,Klay Thompson,2011
78332,Mychel Thompson,2011
202684,Stephen Thompson,1991
78335,Tristan Thompson,2011
738,Al Thornton,2007
901,Marcus Thornton,2009
47,Jamaal Tinsley,2001
78346,Mike Tobey,2016
78349,Anthony Tolliver,2008
78355,Andy Toolson,1990
78359,Oscar Torres,2001
78361,Axel Toupane,2015
78363,Keith Tower,1993
78365,Karl-Anthony Towns,2015
718,Robert Traylor,1998
2244,Gary Trent,1995
78651,Jeff Trepagnier,2001
2054,Cezary Trybanski,2002
78370,Jake Tsakalidis,2000
78372,Nikoloz Tskitishvili,2002
141,Alando Tucker,2007
78374,Anthony Tucker,1994
78375,PJ Tucker,2006
1726,Ronny Turiaf,2005
2045,Mirsad Turkcan,1999
78377,Hedo Turkoglu,2000
78379,Evan Turner,2010
1626167,John Turner,1991
1943,Myles Turner,2015
78386,Wayne Turner,1999
202719,B.J. Tyler,1994
78390,Jeremy Tyler,2011
202327,Edwin Ubiles,2011
2137,Ekpe Udoh,2010
2757,Ime Udoka,2003
101146,Beno Udrih,2004
1627755,Roko Ukic,2008
78392,Tyler Ulis,2016
202386,Jarrod Uthoff,2016
201987,Ben Uzoh,2010
202685,Robert Vaden,2010
78395,Jonas Valanciunas,2012
78396,Denzel Valentine,2016
1496,Nick Van Exel,1993
78406,Keith Van Horn,1997
78402,Fred VanVleet,2016
78405,Log Vander Velden,1995
2237,David Vanterpool,2000
2760,Ratko Varda,2001
202363,Anderson Varejao,2004
202349,Jarvis Varnado,2012
78409,Greivis Vasquez,2010
1521,David Vaughn,1995
1626173,Jacque Vaughn,1997
78411,Rashad Vaughn,2015
78413,Loy Vaught,1990
78415,Jan Vesely,2011
78416,Gundars Vetra,1992
101111,Joao Vianna,1991
78418,Charlie Villanueva,2005
1844,Marcus Vinicius,2006
78419,Fred Vinson,1994
2063,Noah Vonleh,2014
78423,Jake Voskuhl,2000
1037,Slavko Vranes,2003
78425,Stojko Vrankovic,1990
202696,Jackson Vroman,2004
2756,Nikola Vucevic,2011
2548,Sasha Vujacic,2004
78426,Dwyane Wade,2003
78427,Von Wafer,2005
78428,Dajuan Wagner,2002
78430,Dion Waiters,2012
78434,Antoine Walker,1996
78438,Henry Walker,2008
78440,Kemba Walker,2011
78442,Samaki Walker,1996
1112,John Wall,2010
2222,Ben Wallace,1996
961,Gerald Wallace,2001
78443,John Wallace,1996
78444,Rasheed Wallace,1995
777,Matt Walsh,2005
78447,Rex Walters,1993
78453,Luke Walton,2003
78455,Charlie Ward,1994
78457,Casper Ware,2013
202378,TJ Warren,2014
78462,Willie Warren,2010
78463,Hakim Warrick,2005
78464,Darius Washington,2007
78466,Eric Washington,1997
201228,Darryl Watkins,2007
2248,C.J. Watson,2007
320,Earl Watson,2001
78474,Jamie Watson,1994
204033,Maalik Wayns,2012
204037,David Wear,2014
221,Travis Wear,2014
78475,Clar. Weatherspoon,1992
78477,Kyle Weaver,2008
892,Marcus Webb,1992
1627362,Chris Webber,1993
78479,Briante Weber,2015
101110,Jeff Webster,1995
78481,Martell Webster,2005
78483,Sonny Weems,2008
1528,Bonzi Wells,1998
78488,Bubba Wells,1997
82,Jiri Welsch,2002
438,Matt Wenstrom,1993
78494,Robert Werdann,1992
78495,David Wesley,1993
2753,David West,2003
28,Delonte West,2004
770,Mario West,2007
78500,Russell Westbrook,2008
941,Robert Whaley,2005
78504,DeJuan Wheat,1997
78506,Tyson Wheeler,1998
78507,DJ White,2008
200778,Jahidi White,1998
78510,James White,2006
1839,Okaro White,2016
78512,Rodney White,2001
78513,Royce White,2012
78514,Terrico White,2010
78516,Isaiah Whitehead,2016
202355,Donald Whiteside,1996
730,Hassan Whiteside,2010
78519,Dwayne Whitfield,1995
203963,Chris Whitney,1993
78520,Shayne Whittington,2014
78523,Andrew Wiggins,2014
2404,CJ Wilcox,2014
78525,Chris Wilcox,2002
1122,Damien Wilkins,2004
1425,Mike Wilks,2002
1626210,Aaron Williams,1993
1541,Alan Williams,2015
78539,Alvin Williams,1997
433,Brandon Williams,1997
101114,Corey Williams,1992
202682,Deron Williams,2005
78545,Derrick Williams,2011
677,Elliot Williams,2010
2421,Eric Williams,1995
78548,Frank Williams,2002
101214,Jason Williams,1998
2398,Jawad Williams,2008
420,Jay Williams,2002
966,Jayson Williams,1990
78554,Jerome Williams,1996
200818,Jordan Williams,2011
78555,Justin Williams,2006
78556,Kenny Williams,1990
101150,Lorenzo Williams,1992
200766,Lou Williams,2005
201173,Marcus Williams,2006
101107,Marcus Williams,2007
52,Marvin Williams,2005
42,Mo Williams,2003
78561,Monty Williams,1994
78563,Reggie Williams,2009
201157,Scott Williams,1990
1742,Sean Williams,2007
200761,Shammond Williams,1998
200749,Shawne Williams,2006
78570,Shelden Williams,2006
1576,Terrence Williams,2009
1627786,Travis Williams,1997
1005,Troy Williams,2016
78573,Walt Williams,1992
78575,Corliss Williamson,1995
78586,Dedric Willoughby,1999
1627787,Trevor Wilson,1990
78589,Kyle Wiltjer,2016
78590,Kennard Winchester,1990
78596,Dontonio Wingfield,1994
1984,Justise Winslow,2015
78600,Trevor Winter,1998
78603,Jeff Withey,2013
203489,Ruben Wolkowyski,2000
78610,Nate Wolters,2013
116,Christian Wood,2015
2417,Loren Woods,2001
1010,Qyntel Woods,2002
78614,Randy Woods,1992
78618,Metta World Peace,1999
101152,Antoine Wright,2005
78620,Bracey Wright,2005
202874,Brandan Wright,2007
203203,Chris Wright,2011
1626153,Chris Wright,2012
2748,Delon Wright,2015
78621,Dorell Wright,2004
78622,Howard Wright,1990
78623,Julian Wright,2007
1007,Lorenzen Wright,1996
412,Luther Wright,1993
203100,Sharone Wright,1994
78627,Tony Wroten,2012
2397,A.J. Wynder,1990
2428,Yao Ming,2002
78628,Vincent Yarbrough,2002
78632,Yi Jianlian,2007
1626202,James Young,2014
1748,Joe Young,2015
78634,Korleone Young,1998
78635,Nick Young,2007
201152,Sam Young,2009
1937,Thaddeus Young,2007
78638,Tim Young,1999
78640,Cody Zeller,2013
203092,Luke Zeller,2012
78643,Tyler Zeller,2012
678,Wang Zhi-zhi,2000
2583,George Zidek,1995
1627757,Derrick Zimmerman,2005
1627835,Stephen Zimmerman,2016
78647,Paul Zipser,2016
78650,Ivica Zubac,2016
